id,clause,new-agent,protagonist,location,temporal,goal,causal:no_cause
1,"<ANNOUNCER> Tonight, a story by Frederik Pohl: Tunnel Under the World.",0,0,0,0,0,0
2,"<NARRATOR> On the morning of June fifteenth, Guy Burckhardt woke up screaming.",1,1,1,1,0,1
3,It was more real than any dream he had ever had in his life.,0,0,0,0,0,0
4,"He could still hear and feel that sharp metal ripping explosion, that searing wave of heat.",0,0,0,0,0,0
5,He sat up.,0,0,0,0,1,0
6,"<GUY> Mary, Mary, Mary, where are you?",1,1,0,0,1,0
7,"<MARY> Guy, what's wrong?",0,0,0,0,0,0
8,You're trembling.,0,0,0,0,0,0
9,<GUY> Where were you?,0,0,0,0,0,0
10,<MARY> In the kitchen cooking breakfast.,0,0,0,0,0,0
11,What is it?,0,0,0,0,0,0
12,"<GUY> I don't know, a dream, I guess, an explosion.",0,0,0,0,0,0
13,<MARY> Did you say an explosion?,0,0,0,0,0,0
14,<GUY> Yes.,0,0,0,0,0,0
15,<MARY> But that's the dream I had.,0,0,0,0,0,0
16,<GUY> What?,0,0,0,0,0,0
17,<MARY> I dreamed there was a big explosion and then something sort of hit me on the head.,0,0,0,0,0,0
18,"<GUY> Holy smokes, maybe, maybe there really was some sort of explosion that started this dreaming.",0,0,0,0,0,0
19,"<MARY> Well, there will be an explosion down at your office if you don't hurry and get to work.",0,0,0,0,1,0
20,"<NARRATOR> Coming in on the bus, Burckhardt watched to see if there was any evidence of an explosion.",0,0,1,1,1,0
21,There wasn't.,0,0,0,0,0,1
22,"If anything, the town looked better than ever.",0,0,0,0,0,0
23,The only thing that seemed strange to him was the fact that none of the usual crowd was on the bus.,0,0,0,0,0,0
24,He was a little relieved when his old pal Henry Swanson finally got on.,1,0,0,1,0,0
25,<HENRY> Excuse me?,0,1,0,0,0,0
26,"<GUY> Ah, Henry.",0,0,0,0,1,0
27,"<HENRY> Pardon me, sir.",0,0,0,0,0,0
28,"<GUY> Henry, what's the matter with you?",0,0,0,0,0,0
29,"It's me, Guy Burckhardt.",0,0,0,0,0,0
30,"<HENRY> Burckhardt, sorry, I don't believe we've met.",0,0,0,0,0,1
31,<GUY> What?,0,0,0,0,0,0
32,"Henry, for Pete's sake, it's me.",0,0,0,0,0,0
33,"<HENRY> If you'll excuse me, this is my stop.",0,0,0,0,0,0
34,"<GUY> Well I'll be, how do you like that?",0,0,0,0,0,0
35,"<NARRATOR> Guy Burckhardt got off in front of the gigantic control chemical building, took the elevator to the ninety eighth floor where he had worked in the accounting department for twelve years.",0,0,1,1,1,0
36,It wasn't until he was almost at his floor that he realized the speaker was not playing the usual commercials.,0,0,0,0,0,1
37,"<1ST SPEAKER> Britons, are you happy with your present home freezer?",1,1,0,0,0,0
38,Of course not.,0,0,0,0,0,0
39,Well the answer to your problems is a Feckle freezer.,0,0,0,0,0,0
40,A Feckle freezer is a better freezer.,0,0,0,0,0,0
41,Most wives would do anything for a Feckle freezer.,0,0,0,0,0,0
42,"Britons, are you happy with your present home freezer?",0,0,0,0,0,0
43,"<GUY> Morning, Miss Horne.",1,1,0,0,1,0
44,"<MISS HORN> Good morning, Mr. Burckhardt.",0,0,0,0,0,0
45,"<GUY> Well, new hairdo I see?",0,0,0,0,0,0
46,"<MISS HORN> Why, yes, you like it?",0,0,0,0,0,0
47,<GUY> Makes a lot of difference in your appearance.,0,0,0,0,0,0
48,Mr. Barth in?,1,0,0,0,1,0
49,"<MISS HORN> Eh, no sir, he had an appointment with Mr. Dorchin of the human research institute.",1,0,0,0,0,0
50,<GUY> Today?,0,0,0,0,0,0
51,But today's the fifteenth of June.,0,0,0,0,0,0
52,He has to sign the quarterly statement.,0,0,0,0,0,0
53,<MISS HORN> He said he wouldn't be in.,0,0,0,0,0,0
54,"<GUY> Huh, that's mighty peculiar.",0,0,0,0,0,0
55,"<MISS HORN> Yes, sir.",0,0,0,0,0,0
56,"<GUY> Oh, by the way, Miss Horne, what the devil is a Feckle freezer?",0,0,0,0,1,0
57,<MISS HORN> A Feckle freezer?,0,0,0,0,0,0
58,<GUY> There's some new copy on the elevator commercial.,0,0,0,0,0,0
59,"Uh, Dorchin must have landed another account, Feckle freezers.",0,0,0,0,0,0
60,"<MISS HORN> I really don't know, Mr. Burckhardt.",0,0,0,0,0,0
61,"<GUY> Huh, it's a funny day, can't quite put my finger on it, but there's something strange going on.",0,0,0,0,0,0
62,<NARRATOR> He couldn't shake the thought out of his mind.,0,0,0,0,0,0
63,It persisted all through the day until dinner.,0,0,1,1,0,0
64,He was still brooding as he and Mary got ready for bed.,0,0,1,1,0,0
65,"<MARY> Guy, dear?",0,1,0,0,0,0
66,"<GUY> Hm, oh, no.",0,0,0,0,0,0
67,<MARY> Anything wrong?,0,0,0,0,0,0
68,<GUY> I don't know.,0,0,0,0,0,0
69,"<MARY> Well, I guess I'll get a good night's sleep.",0,0,0,0,0,0
70,Coming?,0,0,0,0,0,0
71,<GUY> I think I'll sit up and read for a while.,0,0,0,0,1,0
72,"<MARY> Ah, good night, darling.",0,0,0,0,0,0
73,"<GUY> Night, dear.",0,0,0,0,0,0
74,"<NARRATOR> At exactly midnight, Guy Burckhardt lapsed into a sudden deep sleep, and the following morning he woke up screaming.",0,0,0,1,0,1
75,<GUY> Ah!,0,1,0,0,0,0
76,"<MARY> Darling, what is it?",0,0,0,0,0,0
77,What's wrong?,0,0,0,0,0,0
78,"<GUY> I, oh, I think a bad dream, I guess.",0,0,0,0,0,0
79,"<MARY> Oh, you gave me such a shock.",0,0,0,0,0,0
80,<GUY> I seem to be having a lot of nightmares lately.,0,0,0,0,0,0
81,<MARY> Really?,0,0,0,0,0,0
82,"<GUY> Yes, the one I had yesterday, this was the same, a big explosion and then nothing.",0,0,0,0,0,0
83,<MARY> You had a dream yesterday?,0,0,0,0,0,0
84,"<GUY> Well, of course I did.",0,0,0,0,0,0
85,You had the same sort of dream.,0,0,0,0,0,0
86,<MARY> I?,0,0,0,0,0,0
87,"Guy, you're mistaken.",0,0,0,0,0,1
88,I dont remember dreaming.,0,0,0,0,0,0
89,"<GUY> Well now, Mary, you told me.",0,0,0,0,0,0
90,"<MARY> Guy, you're mistaken.",0,0,0,0,0,0
91,<GUY> Mary.,0,0,0,0,0,0
92,"<MARY> Maybe you dreamed I had a dream, maybe.",0,0,0,0,0,0
93,"<GUY> Well, yes, I might have done that, I suppose.",0,0,0,0,0,0
94,Everything did seem sort of strange yesterday.,0,0,0,0,0,0
95,"<MARY> Oh, that's probably it.",0,0,0,0,0,0
96,You better get dressed here.,0,0,0,0,1,0
97,"Today's the fifteenth, that's when the quarterly statement.",0,0,0,0,0,1
98,<GUY> The fifteenth?,0,0,0,0,0,0
99,Yes.,0,0,0,0,0,0
100,"<GUY> Then it must have been a dream, because yesterday was the fifteenth.",0,0,0,0,0,0
101,"<NARRATOR> Guy Burckhardt got up, dressed, ate breakfast, and took the usual bus to work.",0,0,1,1,1,0
102,"Once again, everything seemed even brighter and newer than usual.",0,0,0,0,0,0
103,"And, once again, he was puzzled when he noticed none of the old crowd on the bus.",0,0,0,0,0,0
104,"<HENRY> Pardon me, please.",0,1,0,0,0,0
105,"<GUY> Well, look, don't shove so I, oh, morning Henry.",0,0,0,1,1,0
106,<HENRY> Morning.,0,0,0,0,0,0
107,"For god's sake, don't talk to me.",0,0,0,0,0,0
108,"<GUY> Well, what is it, you being followed or something?",0,0,0,0,0,0
109,<HENRY> Don't you know?,0,0,0,0,0,0
110,I was sure you remembered.,0,0,0,0,0,0
111,<GUY> Remembered what?,0,0,0,0,0,1
112,<HENRY> I can't talk.,0,0,0,0,0,0
113,"This is my stop, will you excuse me, please?",0,0,0,0,0,0
114,"<GUY> Well, Henry, Henry, for Pete's sake.",0,0,0,0,0,0
115,<NARRATOR> As in yesterday's dream Guy Burckhardt got off at his stop and took the elevator to the ninety eighth floor.,0,0,1,1,1,0
116,The speaker in the elevator purred a new commercial this time.,0,0,0,0,0,0
117,<2ND SPEAKER> Marlins cigarettes.,1,1,0,0,0,0
118,They're sanitized.,0,0,0,0,0,0
119,Does your present cigarette make your throat feel raspy and unpleasant?,0,0,0,0,0,0
120,Marlins cigarettes contain a miraculous new drug which actually gives you the sensation of smooth creamy smoke.,0,0,0,0,0,0
121,Marlins cigarettes.,0,0,0,0,0,0
122,Marlins cigarettes.,0,0,0,0,0,0
123,<NARRATOR> He walked down the marbled corridor to his office.,0,1,1,0,0,0
124,"<MISS HORN> Good morning, Mr. Burckhardt.",0,1,0,0,0,0
125,"<GUY> Good morning, Miss Horne.",0,0,0,0,0,0
126,<MISS HORN> You like my new hairdo?,0,0,0,0,0,0
127,"<GUY> Uh, yes, is Mr. Barth in?",0,0,0,0,0,0
128,"<MISS HORN> No, sir, he had an appointment with Mr. Dorchin at the research institute.",0,0,0,0,0,0
129,<GUY> I know.,0,0,0,0,0,0
130,<MISS HORN> You know?,0,0,0,0,0,0
131,"<GUY> Well, I guessed it anyway.",0,0,0,0,0,0
132,"And today is the fifteenth of June, and he won't be here to sign the quarterly statement, and I'm going nuts.",0,0,0,0,0,0
133,"Let me have a cigarette, will you?",0,0,0,0,1,1
134,"<MISS HORN> Uh, yes, sir.",0,0,0,0,0,0
135,Try one of these.,0,0,0,0,0,0
136,They're Marlins.,0,0,0,0,0,0
137,<GUY> Never heard of Marlins before today.,0,0,0,0,0,0
138,"What are we, a bunch of guinea pigs?",0,0,0,0,0,0
139,"<MISS HORN> Something wrong, Mr. Burckhardt?",0,0,0,0,0,0
140,<GUY> Wrong?,0,0,0,0,0,0
141,"Perish the thought, Miss Horne, perish the thought.",0,0,0,0,0,0
142,<NARRATOR> He went to his desk and stared at the mail before he opened it.,0,0,1,0,1,0
143,He knew that the factory distributors envelope contained an order for twelve new electronic computers.,0,0,0,0,0,0
144,He knew that the development journal contained an article about a new method of trans printing selective brain circuits of human engineers onto the electric brain circuits of robot engineers to facilitate the operation of automatic factories.,0,0,0,0,0,0
145,He knew that there was a complaint from Finebeck and Sons about the Contro Chemicals newest household robot circuit.,0,0,0,0,0,0
146,"After a long while, he forced himself to open them.",0,0,0,1,0,0
147,They were exactly as he suspected.,0,0,0,0,0,0
148,<GUY> hello.,0,1,0,0,0,0
149,"<HENRY> This is Swanson, Henry Swanson.",0,0,0,0,0,1
150,<GUY> What is it?,0,0,0,0,1,0
151,<HENRY> Do you remember?,0,0,0,0,0,0
152,<GUY> Remember what?,0,0,0,0,0,0
153,<HENRY> Just remember.,0,0,0,0,0,0
154,"<GUY> All right now, listen, Henry.",0,0,0,0,0,0
155,Let's stop playing games.,0,0,0,0,1,0
156,"Yesterday, either I was dreaming or you snubbed me on the bus.",0,0,0,0,0,0
157,"Today, the same thing happened.",0,0,0,0,0,0
158,"<HENRY> Oh, you do remember.",0,0,0,0,0,0
159,Thank heavens.,0,0,0,0,0,0
160,"I thought so when I saw you, but I couldn't be sure.",0,0,0,0,0,0
161,<GUY> Now what is it you want?,0,0,0,0,0,0
162,"<HENRY> Listen, tomorrow morning, when I get off the bus, you get off with me.",0,0,0,0,0,0
163,"Be casual, they may be watching.",0,0,0,0,0,0
164,<GUY> Who may be watching?,0,0,0,0,0,0
165,Swanson?,0,0,0,0,0,0
166,Hello?,0,0,0,0,0,0
167,"<MISS HORN> You buzzed, Mr. Burckhardt?",0,1,0,0,0,0
168,"<GUY> Yes, I'm still out of cigarettes.",0,0,0,0,1,0
169,Would you buy me a pack of Kelvins?,0,0,0,0,1,0
170,<MISS HORN> Wouldn't you rather have Marlins?,0,0,0,0,0,0
171,<GUY> I smoke Kelvins.,0,0,0,0,0,0
172,"<MISS HORN> But Mr. Burckhardt, Marlins have that soft creamy smoke that's so soothing to your throat.",0,0,0,0,0,0
173,"<GUY> Oh, you really believe that stuff?",0,0,0,0,0,0
174,<MISS HORN> Well it's true.,0,0,0,0,0,0
175,"I wouldn't say this Mr. Burckhardt, except, well, I've gotten to know you pretty well, and I've grown to admire you so much.",0,0,0,0,0,1
176,<GUY> I see.,0,0,0,0,0,0
177,"<MISS HORN> Would you mind, Mr. Burckhardt, if I told you that for months now I wanted to, well, just comfort you?",0,0,0,0,0,0
178,I know how troubled you've been.,0,0,0,0,0,0
179,"<GUY> Well, you've, uh, never mentioned your feelings before, Miss Horne.",0,0,0,0,0,0
180,<MISS HORN> April.,0,0,0,0,0,0
181,My first name's April.,0,0,0,0,0,0
182,<GUY> Well that's a pretty name.,0,0,0,0,0,0
183,<MISS HORN> You see I do have your welfare at heart.,0,0,0,0,0,0
184,That's why when I see you smoking Kelvins and I know Marlins are so much better.,0,0,0,0,0,0
185,"Won't you let me buy some of them for you, huh?",0,0,0,0,1,0
186,<GUY> Well I suppose so.,0,0,0,0,0,0
187,Why not.,0,0,0,0,0,0
188,"Yeah, bring me a carton.",0,0,0,0,0,0
189,"<MISS HORN> Oh, thank you, Mr. Burckhardt.",0,0,0,0,0,0
190,Guy.,0,0,0,0,0,0
191,"<GUY> I, uh, I think you ought to go.",0,0,0,0,1,0
192,<MISS HORN> I'll be back.,0,0,0,0,1,0
193,"<NARRATOR> There was something wrong, something definitely peculiar about what was happening: the call from Henry Swanson, the strange behavior of his secretary, Miss Horne, these new products, the dream.",0,0,0,1,0,0
194,Guy Burckhardt went home that night feeling like a man in a nightmare.,0,0,1,0,0,0
195,"<MARY> That you, dear?",0,1,0,1,0,0
196,<GUY> It's me.,0,0,0,0,0,0
197,<MARY> You have a good day?,0,0,0,0,0,0
198,<GUY> Fair.,0,0,0,0,0,0
199,"<MARY> Oh, before you sit down, will you go down to the cellar and put in a new fuse?",0,0,0,0,1,1
200,The switch in the hall closet blew out.,0,0,0,0,0,0
201,"I, I shut it off.",0,0,0,0,0,0
202,<GUY> Okay.,0,0,0,0,0,0
203,"<MARY> Supper will be ready in a minute, so don't start fooling around with that old boat hull you've been building.",0,0,0,0,1,0
204,<GUY> I won't.,0,0,0,0,0,0
205,"Mary, Mary.",0,0,1,1,0,1
206,<MARY> What is it?,0,0,0,0,0,0
207,"<GUY> Come down here, hurry up.",0,0,0,0,1,0
208,<MARY> What is it?,0,0,0,0,0,0
209,<GUY> I don't know.,0,0,0,0,0,0
210,I'm not sure.,0,0,0,0,0,0
211,"I was looking for a fuse and I thought maybe I'd dropped one under the boathouse, so I scratched around.",0,0,0,0,0,0
212,"Look, let me put the flashlight on it.",0,0,0,0,0,0
213,<MARY> Where?,0,0,0,0,0,0
214,<GUY> Look at the floor.,0,0,0,0,0,0
215,<MARY> What about the floor?,0,0,0,0,0,0
216,<GUY> It's supposed to be cement.,0,0,0,0,0,0
217,<MARY> Well?,0,0,0,0,0,0
218,<GUY> Well it's copper.,0,0,0,0,0,0
219,"There's a thin layer of cement, but underneath, its metal.",0,0,0,0,0,0
220,Look here.,0,0,0,0,0,0
221,"Underneath the concrete, more metal.",0,0,0,0,0,0
222,"And here, on the wall.",0,0,0,0,0,0
223,You see?,0,0,0,0,0,0
224,Metal.,0,0,0,0,0,0
225,"Metal under the floor, behind the walls, every place.",0,0,0,0,0,0
226,"<MARY> Well I, I don't really understand.",0,0,0,0,0,0
227,"<GUY> Mary, I know this sounds crazy, but somebody, for reasons I can't even begin to guess, has taken this house and replaced it with a clever imitation.",0,0,0,0,0,0
228,<MARY> Guy.,0,0,0,0,0,0
229,"<GUY> Mary, I'm going to look around a little more.",0,0,0,0,1,0
230,"<MARY> Well, your dinner will be ready.",0,0,0,0,0,0
231,"<GUY> All right, save it for me.",0,0,0,0,0,0
232,There are a couple of things I've got to figure out.,0,0,0,0,1,0
233,"<NARRATOR> The following morning, Guy Burckhardt woke up screaming.",0,0,1,1,0,0
234,He dragged himself into the kitchen where his wife Mary was preparing breakfast and discovered it was still June fifteenth.,0,0,1,0,0,0
235,"<GUY> Mary, where's the morning paper, where is it?",0,1,0,0,0,0
236,"<MARY> It's outside the door, I guess.",0,0,0,0,0,0
237,"<GUY> Uh huh, June 15th.",0,0,0,0,0,0
238,"<MARY> You'd better hurry, dear.",0,0,0,0,0,0
239,Today's the day Mr. Barth fills out the quarterly tax return.,0,0,0,0,0,0
240,<GUY> Oh no it isn't.,0,0,0,0,0,0
241,<MARY> Why?,0,0,0,0,0,0
242,<GUY> He won't be there.,0,0,0,0,0,0
243,He'll get a meeting with that crackpot Dorchin at the human research institute.,0,0,0,0,0,0
244,<MARY> Mr. Dorchin?,0,0,0,0,0,0
245,"<GUY> He'll be there, and Miss Horne will have a new hairdo, and the elevator will be selling some new product, and Swanson.",0,0,0,0,0,0
246,<MARY> What about Swanson?,0,0,0,0,0,0
247,"<GUY> Swanson, he said.",0,0,0,0,0,0
248,"I wonder if it's going to be the same today, or whether.",0,0,0,0,0,0
249,"<MARY> Guy, what in the world are you talking about?",0,0,0,0,0,0
250,<GUY> Huh?,0,0,0,0,0,0
251,"Uh, nothing, nevermind.",0,0,0,0,0,0
252,Where's my coat?,0,0,0,0,1,0
253,<MARY> You haven't had any breakfast yet.,0,0,0,0,0,0
254,<GUY> I don't want to miss my bus.,0,0,0,0,0,0
255,I'll see you tonight.,0,0,0,0,1,0
256,<NARRATOR> Guy Burckhardt got on his bus.,0,0,1,1,0,0
257,"There were the same unfamiliar faces, the same unusually new looking buildings, the same unusually bright sunshine.",0,0,0,0,0,0
258,"And on the customary corner, Henry Swanson, pale and furtive, climbed aboard.",0,1,0,0,0,0
259,"<HENRY> Excuse me, sir.",0,0,0,0,0,0
260,<GUY> It's quite alright.,0,0,0,0,0,0
261,<HENRY> Do you remember the phone call?,0,0,0,0,0,0
262,<GUY> Yes.,0,0,0,0,0,0
263,<HENRY> Oh thank heaven.,0,0,0,0,0,0
264,Get off at the next corner and follow me.,0,0,0,0,1,1
265,<GUY> Where are you going?,0,0,0,0,0,0
266,<HENRY> There's an excavation for a building about a block down.,0,0,0,0,0,0
267,Make sure you aren't followed.,0,0,0,0,0,0
268,I'll go first.,0,0,0,0,0,0
269,"<HENRY> Burckhardt, here, behind the fence.",0,0,1,0,0,0
270,"<GUY> All right now, Henry, what's this all about?",0,0,0,0,1,0
271,<HENRY> I'm not sure.,0,0,0,0,0,0
272,At first I thought perhaps they were Russians.,1,0,0,0,0,0
273,Now I'm beginning to think they're Martians.,1,0,0,0,0,0
274,No humans could have accomplished what they've accomplished.,0,0,0,0,0,0
275,"<GUY> Now, wait a minute.",0,0,0,0,0,0
276,"Start from the beginning, Henry.",0,0,0,0,0,0
277,What's going on?,0,0,0,0,0,0
278,"<HENRY> Look, Burckhardt, peculiar things have been happening to you, right?",0,0,0,0,0,0
279,<GUY> Yes.,0,0,0,0,0,0
280,"<HENRY> A lot of your friends are missing, your house seems changed.",0,0,0,0,0,0
281,"<GUY> Yeah, there's something stranger than that: the date.",0,0,0,0,0,0
282,"Today is June fifteenth, yet I could swear yesterday was June fifteenth, and the day before that.",0,0,0,0,0,0
283,"<HENRY> You got it, friend, it's always June fifteenth, and you and I are the only ones who know it.",0,0,0,0,0,0
284,"<GUY> But why, Henry, how?",0,0,0,0,0,0
285,<HENRY> I'm not sure.,0,0,0,0,0,0
286,I think it's some sort of mass hypnosis or something.,0,0,0,0,0,0
287,<GUY> Well why doesn't it work for us?,0,0,0,0,1,0
288,My wife Mary doesn't remember a thing.,0,0,0,0,0,0
289,"<HENRY> Somehow, when it happened, they missed us.",0,0,0,0,0,0
290,"We were protected from the full force of the rays, or whatever they used.",0,0,0,0,0,0
291,"Burckhardt, where were you on the night of the fourteenth about midnight?",0,0,0,0,0,0
292,"<GUY> Let me see, that was Sunday night.",0,0,0,0,0,0
293,<HENRY> Yes.,0,0,0,0,0,0
294,"<GUY> Yeah, I was down in the cellar, under the, the boat I'm building.",0,0,0,0,0,0
295,<HENRY> And I was in my darkroom developing some pictures.,0,0,0,0,0,0
296,<GUY> This just doesn't make any sense to me.,0,0,0,0,0,0
297,"Russians, Martians, what makes you think that?",0,0,0,0,0,0
298,<HENRY> I've seen them.,0,0,0,0,0,1
299,<GUY> Where?,0,0,0,0,0,0
300,<HENRY> At the end of the tunnel.,0,0,0,0,0,1
301,<GUY> What tunnel?,0,0,0,0,0,0
302,<HENRY> The one they built under Tylertown.,0,0,0,0,0,0
303,<GUY> A tunnel under Tylertown?,0,0,0,0,0,0
304,"<HENRY> Yes, that's right.",0,0,0,0,0,0
305,It's made out of copper or some alloy.,0,0,0,0,0,0
306,"<GUY> Wait a minute, I found a copper layer under my cellar floor last night.",0,0,0,0,0,0
307,<HENRY> So did I.,0,0,0,0,0,0
308,That's how I discovered it.,0,0,0,0,0,0
309,I found a way to get in too.,0,0,0,0,0,0
310,It's at the bottom of this excavation.,0,0,0,0,0,0
311,<GUY> Holy mackerel.,0,0,0,0,0,0
312,"Henry, why don't we tell the police?",0,0,0,0,1,0
313,<HENRY> Because we can't trust them.,0,0,0,0,0,0
314,Even the police may be Martians in disguise.,0,0,0,0,0,0
315,"<GUY> Oh come on now, you're being melodramatic.",0,0,0,0,0,0
316,<HENRY> Oh am I?,0,0,0,0,0,0
317,Well you just come with me.,0,0,0,0,0,0
318,<GUY> Where?,0,0,0,0,0,0
319,"<HENRY> Into the tunnel, I'll show you.",0,0,0,0,0,0
320,<NARRATOR> Henry Swanson led Guy Burckhardt to a small hole on the side of the excavation.,0,0,1,0,1,0
321,"There, he removed the cutout piece of metallic substance and they crawled into a dimly lighted tunnel.",0,0,0,0,0,0
322,They walked for what seemed like two miles until Swanson held his finger to his lips.,0,0,0,1,0,0
323,<HENRY> We've got to be quiet now.,0,1,0,0,1,0
324,"<GUY> Henry, this is fantastic.",0,0,0,0,0,0
325,They've got a tunnel right under the whole town.,0,0,0,0,0,0
326,"<HENRY> Oh, you haven't seen anything yet.",0,0,0,0,0,0
327,There's a room a little farther down.,0,0,0,0,0,0
328,We'll be able to look through a glass in the door.,0,0,0,0,0,0
329,<GUY> Is it safe?,0,0,0,0,0,0
330,"<HENRY> It's perfectly safe, unless one of them comes along.",0,0,0,0,0,0
331,Come on.,0,0,0,0,0,0
332,<GUY> Okay.,0,0,0,0,0,0
333,<HENRY> Here.,0,0,1,0,0,0
334,"Burckhardt, look through this glass.",0,0,0,0,0,0
335,"Now, just so I know I'm not completely insane, tell me what you see.",0,0,0,0,0,0
336,<GUY> Good lord.,0,0,0,0,0,0
337,"Well, a tremendous panel with dozens of tele screens, and in front of each, a servo robot.",0,0,0,0,0,1
338,They seem to be computing something.,0,0,0,0,0,0
339,"<HENRY> Yes, I watched them.",0,0,0,0,0,0
340,They're evaluating data from the screens.,0,0,0,0,0,0
341,<GUY> Have you gotten a chance to look at the data on those screens?,0,0,0,0,1,0
342,"<HENRY> No, I've been afraid to go in.",0,0,0,0,0,0
343,There might be a warning circuit somewhere.,0,0,0,0,0,0
344,"<GUY> Well, if we knew what those robots were working on, we could go to the authorities.",0,0,0,0,0,0
345,<HENRY> I'll risk it if you will.,0,0,0,0,0,0
346,"<GUY> All right, it's worth a chance.",0,0,0,0,0,0
347,We're lost anyway.,0,0,0,0,0,0
348,<HENRY> Okay.,0,0,0,0,0,0
349,Open the door.,0,0,0,0,1,0
350,"So far, so good.",0,0,1,0,0,0
351,"<GUY> Come on, let's take a look at that data.",0,0,0,0,0,0
352,<HENRY> But don't interfere with the robot.,0,0,0,0,0,0
353,<GUY> Don't worry.,0,0,0,0,0,0
354,"Here, let's look at this screen.",0,0,0,0,0,0
355,Listen to this.,0,0,0,0,0,0
356,Tests in the forty-seven-K-twelve group with Marlins cigarettes polled eighty percent using a soft feminine approach.,0,1,0,0,0,0
357,Indications are that an extension of this approach would influence at least seventy percent nationwide.,0,0,0,0,0,0
358,The direct elevator pitch pulled only ten percent.,0,0,0,0,0,0
359,"This should be abandoned, and a new series of high persuasion personal elements introduced.",0,0,0,0,0,0
360,"Henry, do you know what this means?",0,0,0,0,0,0
361,"<HENRY> No, I haven't the faintest idea.",0,0,0,0,0,0
362,<GUY> I don't blame you.,0,0,0,0,0,0
363,"This is crazy, but it fits the facts when I think about it.",0,0,0,0,0,0
364,Do you know who's behind this?,0,0,0,0,0,0
365,<HENRY> Martians.,0,0,0,0,0,0
366,"<GUY> No, not Martians, Henry, humans.",0,0,0,0,0,0
367,<HENRY> What?,0,0,0,0,0,0
368,<GUY> Humans who are interested in developing the perfect propaganda machine.,0,0,0,0,0,0
369,<HENRY> What?,0,0,0,0,0,0
370,"<GUY> I don't know who they are or how they've done it, but somehow they've taken Tylertown over.",0,0,0,0,0,0
371,<HENRY> Hypnosis.,0,0,0,0,0,0
372,"<GUY> Hypnosis, drugs, maybe some kind of a ray or something.",0,0,0,0,0,0
373,"However they do it, what happens is that they let us live through a single day.",0,0,0,0,0,0
374,"During that day, they pour all kinds of suggestions and propaganda into us.",0,0,0,0,0,0
375,"At the end of the day, they evaluate the results, see how we've reacted.",0,0,0,0,0,0
376,"And at midnight, they wash the day out of our minds.",0,0,0,0,0,0
377,"And the next morning, we start the same day over again with different stimuli.",0,0,0,0,0,0
378,"Do you know what that means, Henry?",0,0,0,0,0,0
379,Suppose one man learned how to influence people one hundred percent.,0,0,0,0,0,0
380,"Why, in a year he could sell us anything from freezers to political candidates.",0,0,0,0,0,0
381,<HENRY> But wait a minute.,0,0,0,0,0,0
382,"<GUY> We're guinea pigs, Henry.",0,0,0,0,0,0
383,This whole community is one big test tube for Dorchin's propaganda research.,0,0,0,0,0,0
384,"<HENRY> Burckhardt, what do we do?",0,0,0,0,1,0
385,"<GUY> I don't know, but somehow we've got to get out of this town and get to the FBI.",1,0,0,0,1,0
386,"<HENRY> Oh, do you think we can?",0,0,0,0,0,0
387,"<GUY> It's worth a try, come on.",0,0,0,0,0,0
388,<HENRY> Wait.,0,0,0,0,0,0
389,"<GUY> Huh, what is it?",0,0,0,0,0,0
390,<HENRY> Look through the door.,0,0,0,0,0,0
391,There's somebody coming down the tunnel.,0,0,0,0,0,0
392,<GUY> We've got to hide.,0,0,0,0,1,0
393,<HENRY> Behind the circuit box.,0,0,1,0,0,0
394,<GUY> Wait.,0,1,0,1,0,0
395,"Good lord, it's Dorchin, the head of the research institute.",0,0,0,0,0,0
396,<HENRY> Quiet.,0,0,0,0,0,0
397,"<DORCHIN> All right, Burckhardt, come out.",0,0,0,0,1,0
398,We know you're in this room.,0,0,0,0,0,0
399,Miss Horne has informed us that you remember.,0,0,0,0,0,0
400,I must warn you that it's useless to buck us.,0,0,0,0,0,0
401,Come out peacefully.,0,0,0,0,0,0
402,"Let our maintenance crew adjust you properly, so you don't remember from one experiment to the next.",0,0,0,0,0,0
403,It will be quite painless.,0,0,0,0,0,0
404,"If you don't come out peacefully, we'll have to get you.",0,0,0,0,0,0
405,"<GUY> Henry, take this wrench.",0,0,0,0,1,0
406,"When I give the word, jump him.",0,0,0,0,0,0
407,<HENRY> But he may be armed.,0,0,0,0,0,0
408,"<GUY> Well, we've got nothing to lose.",0,0,0,0,0,0
409,"<HENRY> Very well, I'm coming after you.",0,0,0,0,0,0
410,<GUY> Now!,0,0,0,1,0,0
411,"<HENRY> Burckhardt, I've killed him.",0,0,0,0,0,0
412,"<GUY> Now wait, get his coat unbuttoned.",0,0,0,0,0,0
413,Maybe his heart's still beating.,0,0,0,0,0,0
414,<GUY> Henry.,0,0,0,0,0,0
415,"<HENRY> What is it, what's wrong?",0,0,0,0,0,0
416,"<GUY> Look, underneath his coat.",0,0,0,0,0,0
417,<HENRY> Heaven help us.,0,0,0,0,0,0
418,<GUY> It's a robot.,0,0,0,0,0,1
419,A humanoid robot designed to look like Dorchin.,0,0,0,0,0,0
420,"<HENRY> Come on, let's get out of here.",0,0,0,0,0,0
421,<DORCHIN> Wait.,0,0,0,0,0,0
422,<HENRY> What's that?,0,0,0,0,0,0
423,<GUY> It's the loudspeaker.,0,0,0,0,0,0
424,"<DORCHIN> I told you it was useless, gentlemen.",0,1,0,0,0,1
425,<GUY> Who are you?,0,0,0,0,0,0
426,"<DORCHIN> Mr. Dorchin, naturally.",0,0,0,0,0,0
427,The real Mr Dorchin.,0,0,0,0,0,0
428,<GUY> What are you trying to do to us?,0,0,0,0,1,0
429,"<DORCHIN> Merely trying to prevent you from damaging my experiment, gentlemen.",0,0,0,0,1,0
430,<GUY> You can't get away with this Dorchin.,0,0,0,0,0,0
431,"Sooner or later somebody, the FBI or somebody, is going to get wind of this madness.",0,0,0,0,0,0
432,"<DORCHIN> Really, Burckhardt, you're quite naive.",0,0,0,0,0,1
433,Now why not be reasonable and let the maintenance crews adjust you.,0,0,0,0,0,0
434,<GUY> And if I refuse?,0,0,0,0,0,0
435,I suppose you'll kill me.,0,0,0,0,0,0
436,<DORCHIN> That would be quite impossible.,0,0,0,0,0,0
437,<GUY> Oh?,0,0,0,0,0,0
438,"<DORCHIN> You see, Burckhardt, you're already dead.",0,0,0,0,0,1
439,<GUY> Dead?,0,0,0,0,0,0
440,"<DORCHIN> You're sharp, it's quite true.",0,0,0,0,0,0
441,You and everyone else in this town were killed by a premature atomic blast at the Contro Chemical plant.,0,0,0,0,0,0
442,The blast occurred at seven AM on June fifteenth.,0,0,0,0,0,0
443,That is the last thing imprinted on your minds.,0,0,0,0,0,0
444,That is why you wake up screaming each morning.,0,0,0,0,0,0
445,"<GUY> No, it isn't true.",0,0,0,0,0,0
446,"<DORCHIN> But, it is.",0,0,0,0,0,0
447,What I and my associates did was take the brain circuits from your dead bodies.,0,0,0,0,0,0
448,We stored them in electro chemical batteries till we had a chance to rebuild the cities and begin our tests.,0,0,0,0,0,0
449,<GUY> Do you think I believe a fantastic tale like that?,0,0,0,0,0,0
450,<DORCHIN> I imagine you find it incredible.,0,0,0,0,0,0
451,"Of course, we didn't rebuild everything exactly.",0,0,0,0,0,0
452,"After all, it only has to last for a single day: June fifteenth.",0,0,0,0,0,0
453,"At midnight, we turn off the power and wash out the memory of the day.",0,0,0,0,0,0
454,You and your friend Swanson unfortunately have defective circuits.,0,0,0,0,0,0
455,You remember.,0,0,0,0,0,0
456,"<HENRY> Burckhardt, it's no use, we're trapped.",0,0,0,0,0,0
457,Give up.,0,0,0,0,0,0
458,"<GUY> No, not me.",0,0,0,0,0,0
459,What can we do?,0,0,0,0,0,0
460,<GUY> We can make a run for it down the tunnel.,0,0,0,0,0,0
461,Come on.,0,0,0,0,1,0
462,"<DORCHIN> It's useless, Burckhardt.",0,0,0,0,0,0
463,<GUY> Keep going.,0,0,0,0,0,0
464,"<DORCHIN> It's useless, useless, useless... Now, now this door is open.",0,0,0,0,0,0
465,"<GUY> Yeah, it opens.",0,1,1,1,0,0
466,Oh no.,0,0,0,0,0,0
467,"No, I don't believe it.",0,0,0,0,0,0
468,"Swanson, look.",0,0,0,0,0,0
469,<NARRATOR> They were standing on a ledge of smooth finished metal.,0,0,0,0,0,1
470,"At their feet, the ledge dropped away into a chasm so deep, they could not see the bottom.",0,0,0,0,0,0
471,Beyond was only a glare so bright that their eyes could not stand to look into it.,0,0,0,0,0,0
472,"And yet, just at the limit of their vision, something towered.",0,0,0,0,0,0
473,Something so huge it was almost inconceivable.,0,0,0,0,0,0
474,Something.,0,0,0,0,0,0
475,<DORCHIN> Burckhardt?,0,1,0,0,0,1
476,<GUY> Yes?,0,0,0,0,0,0
477,<DORCHIN> This is Dorchin.,0,0,0,0,0,0
478,<NARRATOR> Now do you understand why it's useless?,0,0,0,0,1,0
479,The great looming figure moved closer.,0,0,0,0,0,0
480,"It seemed to take shape now, and yet it was so gigantic as to be unbelievable.",0,0,0,0,0,0
481,It came closer.,0,0,0,0,0,0
482,The glare was partially blocked.,0,0,0,0,0,0
483,And then Guy Burckhardt knew that the towering shape was none other than Dorchin himself.,0,0,0,0,0,0
484,"<DORCHIN> You see how I did it, Burckhardt?",0,0,0,0,0,0
485,I took your brain circuits and had them reduced so they could be transferred to tiny humanoid mannequins.,0,0,0,0,0,0
486,"That's what you are, Burckhardt, a tiny miniature of yourself.",0,0,0,0,0,0
487,"And this city, this whole experiment I'm conducting, is built on a tabletop.",0,0,0,0,0,0
488,<NARRATOR> It was the morning of June fifteenth and Guy Burckhardt woke up out of a dream screaming.,0,0,1,1,0,0